songName,amp1mean,amp1std,amp1skew,amp1kurt,amp1dmean,amp1dstd,amp1dskew,amp1dkurt,amp10mean,amp10std,amp10skew,amp10kurt,amp10dmean,amp10dstd,amp10dskew,amp10dkurt,amp100mean,amp100std,amp100skew,amp100kurt,amp100dmean,amp100dstd,amp100dskew,amp100dkurt,amp1000mean,amp1000std,amp1000skew,amp1000kurt,amp1000dmean,amp1000dstd,amp1000dskew,amp1000dkurt,power1,power2,Power3,power4,power5,power6,power7,power8,power9,power10
01 Kabhi Alvida Na Kehna copy.mp3,-0.88503500000000002,3021.0865351450807,-0.36277700424764608,5.7079962844670078,0.0026333377222295369,1263.6790241476997,-0.021824676299979792,6.2463458380959747,-0.88503499999999924,2200.9100757450055,-0.45354451630002318,6.8201130620078967,0.0016283604726752691,3164.5758192230892,-0.072208654339340275,6.6578098218380113,-0.88503499999999968,261.98920598146537,0.064922964181150525,8.4923169385779786,0.032175362560426128,433.23990914557322,-0.024030894323784302,9.3420585759675454,-0.88503499999999979,34.563887922422353,-0.42938619338611667,8.3495816182651357,-0.094086811352253719,59.308983654327832,0.23656430367337583,7.7021004274274851,0.38335361532900164,0.2148434547059391,0.14106912485226958,0.068723409004109379,0.052417107158397362,0.040128860828886281,0.033325140662093543,0.028378503355366118,0.021586640999720286,0.016174143104205622
01 Kabhi Alvida Na Kehna.mp3,-0.88503500000000002,3021.0865351450807,-0.36277700424764608,5.7079962844670078,0.0026333377222295369,1263.6790241476997,-0.021824676299979792,6.2463458380959747,-0.88503499999999924,2200.9100757450055,-0.45354451630002318,6.8201130620078967,0.0016283604726752691,3164.5758192230892,-0.072208654339340275,6.6578098218380113,-0.88503499999999968,261.98920598146537,0.064922964181150525,8.4923169385779786,0.032175362560426128,433.23990914557322,-0.024030894323784302,9.3420585759675454,-0.88503499999999979,34.563887922422353,-0.42938619338611667,8.3495816182651357,-0.094086811352253719,59.308983654327832,0.23656430367337583,7.7021004274274851,0.38335361532900164,0.2148434547059391,0.14106912485226958,0.068723409004109379,0.052417107158397362,0.040128860828886281,0.033325140662093543,0.028378503355366118,0.021586640999720286,0.016174143104205622
04 Tumhi Dekho Na copy.mp3,-1.7145816666666667,4455.5172179331094,-0.074678427080886012,5.5869847655750053,-0.00603001005001675,1826.8002975747572,-0.00089206582871554773,7.8210312019796149,-1.7145816666666629,3526.7642012569913,-0.06561846526175738,6.1538824282189282,0.020202003366721209,4235.4313489483839,-0.08316328224686137,7.1285424461195595,-1.7145816666666633,1353.6688599535807,0.20269186283868243,15.001931973108439,0.14221036839473225,2315.9749884636594,0.14275655565358938,15.096222339287518,-1.7145816666666676,128.70987722294939,0.35299062493815903,13.787993961229523,0.08290317195325575,210.3449351090822,0.36029882500908422,11.663064872010777,0.39891542476996017,0.19306908327561076,0.13925629204273468,0.060425468407048433,0.044390070065008717,0.039077369744128794,0.040483385444619817,0.037526374360832886,0.026690498643929386,0.020166033246126515
04 Tumhi Dekho Na.mp3,-1.7145816666666667,4455.5172179331094,-0.074678427080886012,5.5869847655750053,-0.00603001005001675,1826.8002975747572,-0.00089206582871554773,7.8210312019796149,-1.7145816666666629,3526.7642012569913,-0.06561846526175738,6.1538824282189282,0.020202003366721209,4235.4313489483839,-0.08316328224686137,7.1285424461195595,-1.7145816666666633,1353.6688599535807,0.20269186283868243,15.001931973108439,0.14221036839473225,2315.9749884636594,0.14275655565358938,15.096222339287518,-1.7145816666666676,128.70987722294939,0.35299062493815903,13.787993961229523,0.08290317195325575,210.3449351090822,0.36029882500908422,11.663064872010777,0.39891542476996017,0.19306908327561076,0.13925629204273468,0.060425468407048433,0.044390070065008717,0.039077369744128794,0.040483385444619817,0.037526374360832886,0.026690498643929386,0.020166033246126515
07 Farewell Trance copy.mp3,-0.81676000000000004,2217.9663578046061,0.11017767702811261,8.6867210069725225,0.0031933386555644261,640.75871062567307,-0.048237034075119332,10.413266460907268,-0.81676000000000049,1901.9288212378237,0.16910592469673583,10.792449925731662,0.028038800646677381,2025.4149360115634,-0.0068538910384549874,8.0733730969482576,-0.81675999999999993,887.93223772241686,-0.038232608042383889,11.620289645348226,-0.18441573595599084,1409.6780672255011,-0.12368812261185522,12.709446718790923,-0.81676000000000037,151.62781447236441,0.012140153423682336,9.2160983973762409,-0.36915692821368928,246.24882113212971,0.016682403796118871,10.530130487820669,0.53657858407205239,0.17920635334405341,0.088191027666433663,0.054513955753165359,0.042980316216040711,0.026444941810712063,0.021262173360933428,0.018316202453706132,0.014627767340100673,0.017878677982809645
07 Farewell Trance.mp3,-0.81676000000000004,2217.9663578046061,0.11017767702811261,8.6867210069725225,0.0031933386555644261,640.75871062567307,-0.048237034075119332,10.413266460907268,-0.81676000000000049,1901.9288212378237,0.16910592469673583,10.792449925731662,0.028038800646677381,2025.4149360115634,-0.0068538910384549874,8.0733730969482576,-0.81675999999999993,887.93223772241686,-0.038232608042383889,11.620289645348226,-0.18441573595599084,1409.6780672255011,-0.12368812261185522,12.709446718790923,-0.81676000000000037,151.62781447236441,0.012140153423682336,9.2160983973762409,-0.36915692821368928,246.24882113212971,0.016682403796118871,10.530130487820669,0.53657858407205239,0.17920635334405341,0.088191027666433663,0.054513955753165359,0.042980316216040711,0.026444941810712063,0.021262173360933428,0.018316202453706132,0.014627767340100673,0.017878677982809645
1. ISHQ SAMANDER copy.mp3,0.42706666666666665,4021.5354732730848,0.036934862649575996,4.7980702012824343,0.015111691852819754,2601.0678520330703,-0.002648076556789412,8.2993218437992073,0.42706666666666676,3131.3353235783366,-0.041502751680899654,5.3544639250659509,0.18730645510758545,3172.0461810122047,0.097351733897018927,5.9168836747675204,0.42706666666666798,681.96070459611428,0.0036641894953534414,5.5265876926095316,0.2654492415402569,1209.157739212261,-0.07163051504460495,5.3096109413284491,0.42706666666666704,67.250859343943631,0.17287456647176808,4.9767556152472743,0.49887479131886436,114.0950955577696,0.062656203618063663,4.5454269579364182,0.29491762547454309,0.15767144203036876,0.10987411098502804,0.087479393094416588,0.056975417368274002,0.06109126340930459,0.071899523929010639,0.070336188805039862,0.044673768301418754,0.045081266602580876
1. ISHQ SAMANDER.mp3,0.42706666666666665,4021.5354732730848,0.036934862649575996,4.7980702012824343,0.015111691852819754,2601.0678520330703,-0.002648076556789412,8.2993218437992073,0.42706666666666676,3131.3353235783366,-0.041502751680899654,5.3544639250659509,0.18730645510758545,3172.0461810122047,0.097351733897018927,5.9168836747675204,0.42706666666666798,681.96070459611428,0.0036641894953534414,5.5265876926095316,0.2654492415402569,1209.157739212261,-0.07163051504460495,5.3096109413284491,0.42706666666666704,67.250859343943631,0.17287456647176808,4.9767556152472743,0.49887479131886436,114.0950955577696,0.062656203618063663,4.5454269579364182,0.29491762547454309,0.15767144203036876,0.10987411098502804,0.087479393094416588,0.056975417368274002,0.06109126340930459,0.071899523929010639,0.070336188805039862,0.044673768301418754,0.045081266602580876
11.rama re (remix).mp3 copy.mp3,1.2134849999999999,3542.269134033917,0.082350470645358734,8.773553097202738,-0.0032800054666757778,2031.8411378205419,0.030191236249711314,7.6886315776609866,1.2134850000000768,2966.7357698218811,0.11865050976463201,12.364996688531452,-0.012088534808912704,2228.6267929995438,0.015833085876827236,18.747591733221753,1.2134850000000137,1252.9978333383931,0.40094307136420942,12.208666387976006,0.013035505917654143,2276.4178821885316,0.068303807220058937,13.076568749331143,1.2134850000000055,219.57285615750965,0.077331276661754336,8.4702978249859449,0.23295659432387178,282.52659021767289,-0.0064863889915555643,5.8280194167100356,0.33597495007046296,0.10545851345099841,0.11295605429412703,0.12962810514283798,0.064584675320849952,0.056784785266451136,0.046712900770882686,0.054120872805276381,0.047357386783278166,0.046421756094786326
11.rama re (remix).mp3.mp3,1.2134849999999999,3542.269134033917,0.082350470645358734,8.773553097202738,-0.0032800054666757778,2031.8411378205419,0.030191236249711314,7.6886315776609866,1.2134850000000768,2966.7357698218811,0.11865050976463201,12.364996688531452,-0.012088534808912704,2228.6267929995438,0.015833085876827236,18.747591733221753,1.2134850000000137,1252.9978333383931,0.40094307136420942,12.208666387976006,0.013035505917654143,2276.4178821885316,0.068303807220058937,13.076568749331143,1.2134850000000055,219.57285615750965,0.077331276661754336,8.4702978249859449,0.23295659432387178,282.52659021767289,-0.0064863889915555643,5.8280194167100356,0.33597495007046296,0.10545851345099841,0.11295605429412703,0.12962810514283798,0.064584675320849952,0.056784785266451136,0.046712900770882686,0.054120872805276381,0.047357386783278166,0.046421756094786326
2. MAHI VE copy.mp3,-0.15617833333333334,3560.6050972585326,0.026652099694372232,6.8717621514679097,0.0025433375722292871,1761.2418370111104,0.31205952348044663,12.797108229934155,-0.15617833333333528,2861.2113245371929,-0.17381197031159246,9.0526402697345851,0.031558859314321661,2836.5130859531819,0.080592180165344543,6.3047359243779404,-0.15617833333333306,874.27103068785971,-0.47703938784406452,12.382366289946242,-0.59726954492415407,1518.1494266325067,-0.11155858713671825,11.88048012815625,-0.15617833333333339,84.439167453932171,-0.13492669677648,8.2680437037390142,-0.010666110183639582,145.01954812188083,0.11283088408132667,8.1527859348449851,0.3577065784057597,0.18238971625875558,0.098349361897409684,0.072508231340356444,0.069958177776257707,0.047506244568493776,0.0515103646831261,0.053881706682207736,0.035651664169087084,0.030537954218578387
2. MAHI VE.mp3,-0.15617833333333334,3560.6050972585326,0.026652099694372232,6.8717621514679097,0.0025433375722292871,1761.2418370111104,0.31205952348044663,12.797108229934155,-0.15617833333333528,2861.2113245371929,-0.17381197031159246,9.0526402697345851,0.031558859314321661,2836.5130859531819,0.080592180165344543,6.3047359243779404,-0.15617833333333306,874.27103068785971,-0.47703938784406452,12.382366289946242,-0.59726954492415407,1518.1494266325067,-0.11155858713671825,11.88048012815625,-0.15617833333333339,84.439167453932171,-0.13492669677648,8.2680437037390142,-0.010666110183639582,145.01954812188083,0.11283088408132667,8.1527859348449851,0.3577065784057597,0.18238971625875558,0.098349361897409684,0.072508231340356444,0.069958177776257707,0.047506244568493776,0.0515103646831261,0.053881706682207736,0.035651664169087084,0.030537954218578387
4. YAAR MANGYASI copy.mp3,-1.9338416666666667,4748.0067949992444,-0.008751938886699083,4.2695872039695235,0.013635022725037875,2387.5403341521987,0.11143169954408511,10.396024909215388,-1.9338416666666536,4009.5785770791067,-0.11948046398988467,5.0009574602926659,0.10225670427840376,3758.604469000039,0.29825705001521369,4.3356354717518917,-1.9338416666666738,1650.5616348570443,-0.026116807934537412,6.0437199309843761,0.28476912818803057,3195.3665434823997,0.03056326739356582,6.0416762368474606,-1.9338416666666638,132.90364937493857,-0.22742654866005177,5.8411277372235251,0.52425542570951555,228.83944230928358,0.08757184789759434,5.8242240889074948,0.35011999025394297,0.14180060434452371,0.095590286705529992,0.062437269183953224,0.074129912627421982,0.073499391041903339,0.059110232549847722,0.061203071682976215,0.040979606886367446,0.041129634723522955
4. YAAR MANGYASI.mp3,-1.9338416666666667,4748.0067949992444,-0.008751938886699083,4.2695872039695235,0.013635022725037875,2387.5403341521987,0.11143169954408511,10.396024909215388,-1.9338416666666536,4009.5785770791067,-0.11948046398988467,5.0009574602926659,0.10225670427840376,3758.604469000039,0.29825705001521369,4.3356354717518917,-1.9338416666666738,1650.5616348570443,-0.026116807934537412,6.0437199309843761,0.28476912818803057,3195.3665434823997,0.03056326739356582,6.0416762368474606,-1.9338416666666638,132.90364937493857,-0.22742654866005177,5.8411277372235251,0.52425542570951555,228.83944230928358,0.08757184789759434,5.8242240889074948,0.35011999025394297,0.14180060434452371,0.095590286705529992,0.062437269183953224,0.074129912627421982,0.073499391041903339,0.059110232549847722,0.061203071682976215,0.040979606886367446,0.041129634723522955
6. CHHOD NA RE copy.mp3,-0.26456000000000002,3610.3416986906645,-0.20763872938544234,10.543559470625008,-0.0044750074583457637,2528.6996209009367,-0.38577058986405516,17.321415891824959,-0.26455999999999913,2113.4272615021177,0.18292017452283882,15.163488243379003,-0.051672527875464294,2471.9274499799722,-0.38479559750251313,12.451929702439402,-0.26456000000000163,741.43827257783641,0.46782169251704281,39.056145574300913,-0.016839473245541043,1307.1443707397202,-0.82874355053833237,43.099308803457113,-0.26456000000000013,65.591379595312659,-0.4405424858043997,13.932990583865442,-0.09369616026711218,114.87776189816893,0.14923899113069508,13.236227921977099,0.22011093883818009,0.21063926030091423,0.17145491224985454,0.11883027627315675,0.073407742677831803,0.06757026322941867,0.045905889264785664,0.032304562034639037,0.030603421487245264,0.029172733643956384
6. CHHOD NA RE.mp3,-0.26456000000000002,3610.3416986906645,-0.20763872938544234,10.543559470625008,-0.0044750074583457637,2528.6996209009367,-0.38577058986405516,17.321415891824959,-0.26455999999999913,2113.4272615021177,0.18292017452283882,15.163488243379003,-0.051672527875464294,2471.9274499799722,-0.38479559750251313,12.451929702439402,-0.26456000000000163,741.43827257783641,0.46782169251704281,39.056145574300913,-0.016839473245541043,1307.1443707397202,-0.82874355053833237,43.099308803457113,-0.26456000000000013,65.591379595312659,-0.4405424858043997,13.932990583865442,-0.09369616026711218,114.87776189816893,0.14923899113069508,13.236227921977099,0.22011093883818009,0.21063926030091423,0.17145491224985454,0.11883027627315675,0.073407742677831803,0.06757026322941867,0.045905889264785664,0.032304562034639037,0.030603421487245264,0.029172733643956384
Aankhein Khuli copy.mp3,39.047331666666665,715.73949994490329,0.14432041865205533,12.864391422842024,0.00057500095833493061,519.75457545143126,-0.011377174116947462,27.733027757037995,39.04733166666653,509.28679107409107,0.33206383292623881,11.986946042803725,0.010803513391889945,676.74944586690663,-0.2719881651503227,12.602717938887556,39.047331666666622,61.472433792690104,0.71611196280731981,16.829755102266642,-0.0020970161693616902,97.667337603429871,-0.4797063500168387,16.40782871117074,39.047331666666665,8.1700006037329782,-0.84236857865177173,8.8721272634301069,0.058504173622704547,13.519080886396116,-0.28583424943118385,7.2273221420377087,0.28015573135254196,0.15948971306562612,0.10108446895567418,0.084999582515093,0.069634306853367869,0.07699801626067182,0.060498641335097039,0.057143584023398801,0.056543752962399607,0.053452202676148614
Aankhein Khuli.mp3,39.047331666666665,715.73949994490329,0.14432041865205533,12.864391422842024,0.00057500095833493061,519.75457545143126,-0.011377174116947462,27.733027757037995,39.04733166666653,509.28679107409107,0.33206383292623881,11.986946042803725,0.010803513391889945,676.74944586690663,-0.2719881651503227,12.602717938887556,39.047331666666622,61.472433792690104,0.71611196280731981,16.829755102266642,-0.0020970161693616902,97.667337603429871,-0.4797063500168387,16.40782871117074,39.047331666666665,8.1700006037329782,-0.84236857865177173,8.8721272634301069,0.058504173622704547,13.519080886396116,-0.28583424943118385,7.2273221420377087,0.28015573135254196,0.15948971306562612,0.10108446895567418,0.084999582515093,0.069634306853367869,0.07699801626067182,0.060498641335097039,0.057143584023398801,0.056543752962399607,0.053452202676148614
Chalte Chalte 2 copy.mp3,43.616248333333331,2311.493722177569,-0.13341460741430713,4.040614152881882,-0.0027250045416742363,1423.6398169029405,-0.32080647809283158,8.406786254822542,43.61624833333326,1566.0297248268146,-0.062470019315316379,4.9249982768328913,-0.025908765146086556,2082.5057484510808,-0.081177902682573508,4.1320627322815868,43.616248333333175,294.58470260047199,0.18992649562014099,6.7337319380688472,-0.0022220370061682322,511.0549064891058,0.064259229191011749,6.5738231094767094,43.616248333333303,31.366362474950719,0.20655363164331877,6.1597781124132949,0.033838063439064869,53.993822646998666,-0.14514528586429323,6.1574236724018805,0.29542474848437528,0.16749578861284198,0.16758576762927441,0.087318245194609387,0.047715210541853743,0.057331340182376934,0.062536736856312461,0.048819585175666952,0.032424520383735743,0.033348056938981192
Chalte Chalte 2.mp3,43.616248333333331,2311.493722177569,-0.13341460741430713,4.040614152881882,-0.0027250045416742363,1423.6398169029405,-0.32080647809283158,8.406786254822542,43.61624833333326,1566.0297248268146,-0.062470019315316379,4.9249982768328913,-0.025908765146086556,2082.5057484510808,-0.081177902682573508,4.1320627322815868,43.616248333333175,294.58470260047199,0.18992649562014099,6.7337319380688472,-0.0022220370061682322,511.0549064891058,0.064259229191011749,6.5738231094767094,43.616248333333303,31.366362474950719,0.20655363164331877,6.1597781124132949,0.033838063439064869,53.993822646998666,-0.14514528586429323,6.1574236724018805,0.29542474848437528,0.16749578861284198,0.16758576762927441,0.087318245194609387,0.047715210541853743,0.057331340182376934,0.062536736856312461,0.048819585175666952,0.032424520383735743,0.033348056938981192
Chalte Chalte copy.mp3,39.994754999999998,2101.7477805152857,0.1951974275822429,5.5288338273818534,-0.0043400072333453889,1689.7913442056984,0.021630818407340924,6.3641476294382882,39.99475500000009,1058.5974112062888,0.17164321362267063,11.796614735126386,-0.014153569226153573,1321.8283609454036,0.18321598444303308,7.7821142969056192,39.994755000000112,211.6668079889709,0.19124283609562437,29.347600043542815,-0.024315719286547511,356.490870556586,0.048762123807810309,30.807996447668454,39.994754999999977,22.02550510661769,0.098805880489756692,11.934139839961651,0.011833055091819785,37.081080998566001,0.29564709530710087,12.165325829722088,0.18345611423213992,0.18681202159250052,0.17138152823793332,0.19046678187806926,0.071603705677039789,0.060787251524578229,0.04427642859522176,0.039895733422786038,0.029622184133017936,0.021698250706732522
Chalte Chalte.mp3,39.994754999999998,2101.7477805152857,0.1951974275822429,5.5288338273818534,-0.0043400072333453889,1689.7913442056984,0.021630818407340924,6.3641476294382882,39.99475500000009,1058.5974112062888,0.17164321362267063,11.796614735126386,-0.014153569226153573,1321.8283609454036,0.18321598444303308,7.7821142969056192,39.994755000000112,211.6668079889709,0.19124283609562437,29.347600043542815,-0.024315719286547511,356.490870556586,0.048762123807810309,30.807996447668454,39.994754999999977,22.02550510661769,0.098805880489756692,11.934139839961651,0.011833055091819785,37.081080998566001,0.29564709530710087,12.165325829722088,0.18345611423213992,0.18681202159250052,0.17138152823793332,0.19046678187806926,0.071603705677039789,0.060787251524578229,0.04427642859522176,0.039895733422786038,0.029622184133017936,0.021698250706732522
Humko Humi se Chura Lo copy.mp3,38.510773333333333,1391.7821474931288,0.12122877816167744,6.2642020890058152,-0.0064800108000180002,1055.9441986668905,0.04407710808827623,9.2496022727231875,38.510773333333226,420.20538246386457,-0.028672719580315611,6.7084704561161477,0.021200353339222131,670.97797681765383,-0.014983539781855874,7.1556528517453861,38.510773333333518,51.425002260268556,-0.061323611725896773,7.2873382596211762,0.015194199033172101,88.446872961763034,0.0079963199095351468,7.4975474506516777,38.510773333333319,7.7317621524433555,-0.47812411361398388,11.520025250983828,0.0625609348914858,10.761144796819094,0.009992686428437033,5.8362977124377036,0.083236450743590706,0.27609580432345193,0.21049765425753911,0.1815459750135423,0.061975521814198221,0.051529265896052133,0.040679134619780524,0.041709310798068895,0.030752938296527945,0.021977944237279876
Humko Humi se Chura Lo.mp3,38.510773333333333,1391.7821474931288,0.12122877816167744,6.2642020890058152,-0.0064800108000180002,1055.9441986668905,0.04407710808827623,9.2496022727231875,38.510773333333226,420.20538246386457,-0.028672719580315611,6.7084704561161477,0.021200353339222131,670.97797681765383,-0.014983539781855874,7.1556528517453861,38.510773333333518,51.425002260268556,-0.061323611725896773,7.2873382596211762,0.015194199033172101,88.446872961763034,0.0079963199095351468,7.4975474506516777,38.510773333333319,7.7317621524433555,-0.47812411361398388,11.520025250983828,0.0625609348914858,10.761144796819094,0.009992686428437033,5.8362977124377036,0.083236450743590706,0.27609580432345193,0.21049765425753911,0.1815459750135423,0.061975521814198221,0.051529265896052133,0.040679134619780524,0.041709310798068895,0.030752938296527945,0.021977944237279876
Humko Humise Chura Lo copy.mp3,39.533814999999997,1410.7843600493677,0.11770606925190651,6.2769924721654373,0.012310020516700861,1072.4155981336946,0.026349010595748876,9.3539873318811573,39.533814999999393,427.64763836759329,-0.016867107829991783,6.8188463716700536,0.013555225920432158,682.90777769327974,-0.03346912541048188,7.1388304626995662,39.533815000000097,51.860876085244811,0.036994982182251897,7.0011071095925548,0.0043407234539090643,89.452446090533826,0.016220882584404926,7.1114353813710256,39.533815000000054,7.4194109456731816,-0.812922564385962,9.9575474534013004,0.075554257095158589,10.936113572628688,-0.083598000104036882,7.4857687274291154,0.082631200584236952,0.27588965579085345,0.21098166228059886,0.18191723699869475,0.06201036631668342,0.051399597947907591,0.041012613712873063,0.041943725044102938,0.030589952689797424,0.021623988634259649
Humko Humise Chura Lo.mp3,39.533814999999997,1410.7843600493677,0.11770606925190651,6.2769924721654373,0.012310020516700861,1072.4155981336946,0.026349010595748876,9.3539873318811573,39.533814999999393,427.64763836759329,-0.016867107829991783,6.8188463716700536,0.013555225920432158,682.90777769327974,-0.03346912541048188,7.1388304626995662,39.533815000000097,51.860876085244811,0.036994982182251897,7.0011071095925548,0.0043407234539090643,89.452446090533826,0.016220882584404926,7.1114353813710256,39.533815000000054,7.4194109456731816,-0.812922564385962,9.9575474534013004,0.075554257095158589,10.936113572628688,-0.083598000104036882,7.4857687274291154,0.082631200584236952,0.27588965579085345,0.21098166228059886,0.18191723699869475,0.06201036631668342,0.051399597947907591,0.041012613712873063,0.041943725044102938,0.030589952689797424,0.021623988634259649
KAASH KABHI AISA   copy.mp3,-0.34736166666666668,2271.4954487087884,-0.26108132583465482,5.0347758437921639,0.0020716701194501991,1910.5799848110305,-0.017276713168822636,7.5123209437418685,-0.34736166666666518,1215.858484871786,-0.1395629997186125,4.5896247098467606,0.019993666561108459,1854.3729118094116,0.08880207405355342,4.4206124707958088,-0.34736166666666674,176.42152572524267,0.059241937242843483,7.0436158061725775,-0.025567594599099741,296.73595021516832,-0.008951233199979711,6.5363386024556469,-0.34736166666666646,18.865640921461708,-0.47330871922034007,6.4044957277321304,0.0025242070116860849,31.875842569279634,0.20078355501354181,5.437305480108849,0.19378737099700646,0.18255637481256329,0.13101746849351426,0.11357637199291482,0.097731227736016238,0.079738850425218374,0.064726129793398576,0.069737835310670612,0.040892942687370662,0.026235427751304483
KAASH KABHI AISA  .mp3,-0.34736166666666668,2271.4954487087884,-0.26108132583465482,5.0347758437921639,0.0020716701194501991,1910.5799848110305,-0.017276713168822636,7.5123209437418685,-0.34736166666666518,1215.858484871786,-0.1395629997186125,4.5896247098467606,0.019993666561108459,1854.3729118094116,0.08880207405355342,4.4206124707958088,-0.34736166666666674,176.42152572524267,0.059241937242843483,7.0436158061725775,-0.025567594599099741,296.73595021516832,-0.008951233199979711,6.5363386024556469,-0.34736166666666646,18.865640921461708,-0.47330871922034007,6.4044957277321304,0.0025242070116860849,31.875842569279634,0.20078355501354181,5.437305480108849,0.19378737099700646,0.18255637481256329,0.13101746849351426,0.11357637199291482,0.097731227736016238,0.079738850425218374,0.064726129793398576,0.069737835310670612,0.040892942687370662,0.026235427751304483
mitwa revisited copy.mp3,0.66676333333333337,6317.7745111568292,-0.061564064930214171,5.0679162497553669,0.017593362655604426,2553.6521529813131,-0.17180895497822141,6.8373445198318121,0.66676333333333249,5545.7798782505806,-0.033303003955469784,5.7745361551977679,0.25637093951565809,4262.1672633037751,0.0055029915325536857,6.490496471134791,0.66676333333333626,2828.0603612870032,-0.032258997299298355,6.6769826338130347,-0.54976996166027681,5276.0378547032797,-0.046256610508600034,6.4522438354570122,0.66676333333333138,219.74911992255471,-0.28209585702954243,9.1063344041133885,0.82692153589315531,368.04188693169959,0.093816234849231003,8.6127064304982355,0.35646960657134624,0.17191014369026089,0.12159350706005864,0.082577951291748275,0.052497248201530282,0.059822942945611531,0.044473151529458257,0.053896198648384838,0.029249779434923143,0.027509470626667382
mitwa revisited.mp3,0.66676333333333337,6317.7745111568292,-0.061564064930214171,5.0679162497553669,0.017593362655604426,2553.6521529813131,-0.17180895497822141,6.8373445198318121,0.66676333333333249,5545.7798782505806,-0.033303003955469784,5.7745361551977679,0.25637093951565809,4262.1672633037751,0.0055029915325536857,6.490496471134791,0.66676333333333626,2828.0603612870032,-0.032258997299298355,6.6769826338130347,-0.54976996166027681,5276.0378547032797,-0.046256610508600034,6.4522438354570122,0.66676333333333138,219.74911992255471,-0.28209585702954243,9.1063344041133885,0.82692153589315531,368.04188693169959,0.093816234849231003,8.6127064304982355,0.35646960657134624,0.17191014369026089,0.12159350706005864,0.082577951291748275,0.052497248201530282,0.059822942945611531,0.044473151529458257,0.053896198648384838,0.029249779434923143,0.027509470626667382
Mohabbatein Love Themes copy.mp3,44.782964999999997,2182.7284180899674,0.0024886758150713742,5.135899001607533,0.0011066685111141852,1521.1979497665677,0.061711875015504555,8.8228212762368123,44.782965000000061,1290.5732764176257,-0.0066257292326711041,4.8583886122479853,0.0027483791396522737,2200.0822167704555,-0.10012702008287222,5.131744756592318,44.782964999999955,145.64545127017226,-0.18150202208211796,6.8080250642657756,0.007294549091515657,257.94857772766215,0.10149871472021506,6.9549716770324626,44.782964999999969,16.445068970984639,-0.21726662482503631,4.8638993977226308,0.066181969949916597,26.473894566619467,-0.20906432736626732,5.7387585231719802,0.23496450065087401,0.21312845228350918,0.12402397084544023,0.064225627036039068,0.067890692618195539,0.06172672366552117,0.076593099672430498,0.083649204317626513,0.040032355331093297,0.033765373579279459
Mohabbatein Love Themes.mp3,44.782964999999997,2182.7284180899674,0.0024886758150713742,5.135899001607533,0.0011066685111141852,1521.1979497665677,0.061711875015504555,8.8228212762368123,44.782965000000061,1290.5732764176257,-0.0066257292326711041,4.8583886122479853,0.0027483791396522737,2200.0822167704555,-0.10012702008287222,5.131744756592318,44.782964999999955,145.64545127017226,-0.18150202208211796,6.8080250642657756,0.007294549091515657,257.94857772766215,0.10149871472021506,6.9549716770324626,44.782964999999969,16.445068970984639,-0.21726662482503631,4.8638993977226308,0.066181969949916597,26.473894566619467,-0.20906432736626732,5.7387585231719802,0.23496450065087401,0.21312845228350918,0.12402397084544023,0.064225627036039068,0.067890692618195539,0.06172672366552117,0.076593099672430498,0.083649204317626513,0.040032355331093297,0.033765373579279459
na kajre copy.mp3,13.214151666666666,2721.0672562980553,0.140140808635911,4.9013814284746386,0.0014966691611152684,2517.3764944895297,-0.030868521393513357,6.4013500840607964,13.214151666666595,1209.117941520283,0.13523433016738906,5.9983529573141956,0.027513791896531959,1885.9019468534284,-0.32780951167506289,6.3977364418071323,13.214151666666675,161.72408488950242,-0.19029466045332386,7.7019818055944347,0.0037222870478413801,284.01142870244229,-0.094371923562426477,7.9917722693252848,13.214151666666663,17.509689574499326,-0.01376120119765779,4.3612069758416423,-0.017395659432387245,29.141561940854096,-0.24067141845470716,4.2842926106881229,0.15177367470508948,0.18854905248574239,0.14306617413033174,0.10239398332284665,0.091220275102722737,0.097828653640386995,0.064539777499291004,0.066720764580909087,0.057453325765996245,0.036454318766663885
na kajre.mp3,13.214151666666666,2721.0672562980553,0.140140808635911,4.9013814284746386,0.0014966691611152684,2517.3764944895297,-0.030868521393513357,6.4013500840607964,13.214151666666595,1209.117941520283,0.13523433016738906,5.9983529573141956,0.027513791896531959,1885.9019468534284,-0.32780951167506289,6.3977364418071323,13.214151666666675,161.72408488950242,-0.19029466045332386,7.7019818055944347,0.0037222870478413801,284.01142870244229,-0.094371923562426477,7.9917722693252848,13.214151666666663,17.509689574499326,-0.01376120119765779,4.3612069758416423,-0.017395659432387245,29.141561940854096,-0.24067141845470716,4.2842926106881229,0.15177367470508948,0.18854905248574239,0.14306617413033174,0.10239398332284665,0.091220275102722737,0.097828653640386995,0.064539777499291004,0.066720764580909087,0.057453325765996245,0.036454318766663885
ncs copy.mp3,0.10782666666666667,8778.9525438906803,0.0074585270848250406,3.7279854830470263,-0.0067550112583520975,5063.9084604813252,-0.011416521859506937,4.4509360716985027,0.10782666666666586,6857.3404029926787,0.013064594270994694,4.9783288788679165,-0.01356022600376804,6918.3367721082113,0.066092396497529932,4.9293212258806225,0.1078266666666733,2713.0233199910062,0.032642855404299537,6.0975378406389176,-0.017994665777632351,5104.8196981718311,0.014470868855435852,6.291027580261261,0.10782666666666825,220.29142488015728,-0.20083674674238713,6.6176415509093065,-0.053834724540900207,371.28747941024392,-0.20262265793339593,7.2055960189232886,0.30122658952836173,0.17609992215332182,0.11307093229733686,0.086211757573141035,0.072675342365796217,0.06427184393623786,0.052665845766146906,0.04908266745349104,0.043968564749638527,0.040726534176535809
ncs.mp3,0.10782666666666667,8778.9525438906803,0.0074585270848250406,3.7279854830470263,-0.0067550112583520975,5063.9084604813252,-0.011416521859506937,4.4509360716985027,0.10782666666666586,6857.3404029926787,0.013064594270994694,4.9783288788679165,-0.01356022600376804,6918.3367721082113,0.066092396497529932,4.9293212258806225,0.1078266666666733,2713.0233199910062,0.032642855404299537,6.0975378406389176,-0.017994665777632351,5104.8196981718311,0.014470868855435852,6.291027580261261,0.10782666666666825,220.29142488015728,-0.20083674674238713,6.6176415509093065,-0.053834724540900207,371.28747941024392,-0.20262265793339593,7.2055960189232886,0.30122658952836173,0.17609992215332182,0.11307093229733686,0.086211757573141035,0.072675342365796217,0.06427184393623786,0.052665845766146906,0.04908266745349104,0.043968564749638527,0.040726534176535809
Pairon Mein Bandhan Hai copy.mp3,38.534703333333333,2036.5571367569355,0.011149930178442756,5.0579807817259974,0.0001033335055558426,1415.5101009688128,-0.016969867688124942,6.8982133659797507,38.53470333333248,1257.5125543674219,0.017065512741814028,6.5461485471893601,-0.0026633777229622493,1481.6759283609179,-0.038418359494260444,5.4307018729135343,38.534703333333262,272.02208107709242,0.12973792566599848,8.1081189030843444,0.017319553258876588,469.59642979487722,0.065219827635631458,8.3565182229654376,38.534703333333276,27.484209915246282,-0.075165681784746946,4.8879234603738739,0.081978297161936484,45.920290476581485,0.12209734685516528,5.2512026302491916,0.22989621201921259,0.21146427315856603,0.15232052032903465,0.10920661314727642,0.066213822918534726,0.057463646108982407,0.051268718749756616,0.040811960745991083,0.043379744192793626,0.037974488629849465
Pairon Mein Bandhan Hai.mp3,38.534703333333333,2036.5571367569355,0.011149930178442756,5.0579807817259974,0.0001033335055558426,1415.5101009688128,-0.016969867688124942,6.8982133659797507,38.53470333333248,1257.5125543674219,0.017065512741814028,6.5461485471893601,-0.0026633777229622493,1481.6759283609179,-0.038418359494260444,5.4307018729135343,38.534703333333262,272.02208107709242,0.12973792566599848,8.1081189030843444,0.017319553258876588,469.59642979487722,0.065219827635631458,8.3565182229654376,38.534703333333276,27.484209915246282,-0.075165681784746946,4.8879234603738739,0.081978297161936484,45.920290476581485,0.12209734685516528,5.2512026302491916,0.22989621201921259,0.21146427315856603,0.15232052032903465,0.10920661314727642,0.066213822918534726,0.057463646108982407,0.051268718749756616,0.040811960745991083,0.043379744192793626,0.037974488629849465
rb1(www.songs.pk) copy.mp3,0.18185499999999999,5546.1539200283096,0.0097214383997440319,4.2852253611637705,0.008025013375022292,4588.724785760136,-0.32363033626501381,5.2274161254300013,0.18185499999999347,3363.6840067241005,-0.0049028779849031798,5.3883070656217305,-0.058327638793978905,4903.7567164799239,-0.017113211399985277,5.2530117908059069,0.18185500000000188,493.44581249539573,0.053902298865269649,8.8169248194885235,-0.072625437572928317,810.61946522427615,0.15442393393889053,11.052481827327755,0.18185500000000154,58.824782987563815,0.14043962856104297,4.3056059812298653,-0.1704574290484141,99.319410165269616,0.18095915610422636,3.9620180638033324,0.21455877779186874,0.18384220947964347,0.13059789999064039,0.064109440217650096,0.068319919185354086,0.068840739765755499,0.08066354695539775,0.061779497203779773,0.08033108962077018,0.046956879789129248
rb1(www.songs.pk).mp3,0.18185499999999999,5546.1539200283096,0.0097214383997440319,4.2852253611637705,0.008025013375022292,4588.724785760136,-0.32363033626501381,5.2274161254300013,0.18185499999999347,3363.6840067241005,-0.0049028779849031798,5.3883070656217305,-0.058327638793978905,4903.7567164799239,-0.017113211399985277,5.2530117908059069,0.18185500000000188,493.44581249539573,0.053902298865269649,8.8169248194885235,-0.072625437572928317,810.61946522427615,0.15442393393889053,11.052481827327755,0.18185500000000154,58.824782987563815,0.14043962856104297,4.3056059812298653,-0.1704574290484141,99.319410165269616,0.18095915610422636,3.9620180638033324,0.21455877779186874,0.18384220947964347,0.13059789999064039,0.064109440217650096,0.068319919185354086,0.068840739765755499,0.08066354695539775,0.061779497203779773,0.08033108962077018,0.046956879789129248
rb2(www.songs.pk) copy.mp3,12.114401666666666,4460.6544239174009,0.11409293271365284,4.8837188880807449,0.015850026416710693,3629.6144139155585,-0.12795086200066286,6.6386092719369962,12.114401666666659,3100.0754075535556,0.012073181076374739,7.3352350552193171,-0.010083501391689649,3364.3300616564484,0.056554518346887163,5.8844179176468812,12.114401666666696,696.47380704967964,-0.24626485353165495,7.3000396116663824,0.015575929321554098,1239.7389302812539,-0.01518001638744311,6.0590345823778815,12.114401666666668,63.704476046823636,-0.15497302637018595,5.9566755528760291,-0.014001669449081542,107.24074633992547,0.31899212750971018,6.1744903519416603,0.25411137914014365,0.14187853449575541,0.098476394082544369,0.097683128122719648,0.076942273108668302,0.06472524023835359,0.070491375720981006,0.072850419308758865,0.063921090438555275,0.058920165343554778
rb2(www.songs.pk).mp3,12.114401666666666,4460.6544239174009,0.11409293271365284,4.8837188880807449,0.015850026416710693,3629.6144139155585,-0.12795086200066286,6.6386092719369962,12.114401666666659,3100.0754075535556,0.012073181076374739,7.3352350552193171,-0.010083501391689649,3364.3300616564484,0.056554518346887163,5.8844179176468812,12.114401666666696,696.47380704967964,-0.24626485353165495,7.3000396116663824,0.015575929321554098,1239.7389302812539,-0.01518001638744311,6.0590345823778815,12.114401666666668,63.704476046823636,-0.15497302637018595,5.9566755528760291,-0.014001669449081542,107.24074633992547,0.31899212750971018,6.1744903519416603,0.25411137914014365,0.14187853449575541,0.098476394082544369,0.097683128122719648,0.076942273108668302,0.06472524023835359,0.070491375720981006,0.072850419308758865,0.063921090438555275,0.058920165343554778
rb3(www.songs.pk) copy.mp3,11.688135000000001,4254.194117963465,0.037201190144320773,4.7050869573534451,0.012100020166700278,3482.8967926048235,-0.00052917935403726539,9.5585399392543628,11.688135000000143,2891.3699618337278,0.065206914905843849,5.3458158231199437,0.015130252170870146,2967.8587222656561,-0.11480692438813413,4.5542436977231215,11.688135000000006,812.98878913660621,0.0083109186050505345,6.8041905766355528,0.022852142023669683,1505.2917825117393,-0.037073886650202219,6.7860191062880686,11.688135000000004,79.199686271075407,-0.081567619461091728,4.0316094022773017,-0.030575959933222471,133.45919057359092,-0.037372950143681832,4.2190555322120131,0.2266094284456984,0.13981556344364796,0.091780700675868548,0.10526303853164799,0.096117808663906082,0.084726387620615212,0.076321627848462026,0.066712222971286955,0.063578400076814437,0.049074821722064919
rb3(www.songs.pk).mp3,11.688135000000001,4254.194117963465,0.037201190144320773,4.7050869573534451,0.012100020166700278,3482.8967926048235,-0.00052917935403726539,9.5585399392543628,11.688135000000143,2891.3699618337278,0.065206914905843849,5.3458158231199437,0.015130252170870146,2967.8587222656561,-0.11480692438813413,4.5542436977231215,11.688135000000006,812.98878913660621,0.0083109186050505345,6.8041905766355528,0.022852142023669683,1505.2917825117393,-0.037073886650202219,6.7860191062880686,11.688135000000004,79.199686271075407,-0.081567619461091728,4.0316094022773017,-0.030575959933222471,133.45919057359092,-0.037372950143681832,4.2190555322120131,0.2266094284456984,0.13981556344364796,0.091780700675868548,0.10526303853164799,0.096117808663906082,0.084726387620615212,0.076321627848462026,0.066712222971286955,0.063578400076814437,0.049074821722064919
rb4(www.songs.pk) copy.mp3,3.9081433333333333,3723.014362699364,-0.11306795149976412,4.7797675462165312,0.0012066686777811295,3488.3279241825016,0.10037808999649536,8.7723633755378305,3.9081433333333204,2278.3965592524382,-0.018558731688007559,4.9182305863349614,-0.036790613176886311,2582.9323683245839,0.048597666432209752,4.620678089671288,3.9081433333333364,478.82753817126252,-0.0094121811323334865,5.6084101312644243,0.085564260710117607,851.49831581742808,0.05065464627484545,5.5490842638223725,3.9081433333333311,53.257735777156888,0.079655168552257433,3.958495185018299,0.069916527545909671,91.790156318281788,0.2230339025019728,3.9656771917506948,0.20155192801321917,0.13970183849159715,0.082558340914316894,0.097318431819469503,0.088539059684612412,0.10476424156664552,0.091832961093637533,0.068469035383154422,0.062128992026231691,0.063135171007138405
rb4(www.songs.pk).mp3,3.9081433333333333,3723.014362699364,-0.11306795149976412,4.7797675462165312,0.0012066686777811295,3488.3279241825016,0.10037808999649536,8.7723633755378305,3.9081433333333204,2278.3965592524382,-0.018558731688007559,4.9182305863349614,-0.036790613176886311,2582.9323683245839,0.048597666432209752,4.620678089671288,3.9081433333333364,478.82753817126252,-0.0094121811323334865,5.6084101312644243,0.085564260710117607,851.49831581742808,0.05065464627484545,5.5490842638223725,3.9081433333333311,53.257735777156888,0.079655168552257433,3.958495185018299,0.069916527545909671,91.790156318281788,0.2230339025019728,3.9656771917506948,0.20155192801321917,0.13970183849159715,0.082558340914316894,0.097318431819469503,0.088539059684612412,0.10476424156664552,0.091832961093637533,0.068469035383154422,0.062128992026231691,0.063135171007138405
RH-AYE HO MERI ZINDGI copy.mp3,821.33151333333331,8668.0190434164615,0.0011363194942287341,3.3753061082227265,0.022583370972284952,6607.2011028957832,-0.011488645504771969,4.5031039257516685,821.33151333333501,4037.2985260746245,-0.014098050108075211,4.1838538670205301,-0.056194269904495407,6571.8387437462252,0.011798618355298772,4.2080839805119226,821.33151333333478,465.8116750948933,-0.021335229088512996,4.7710273645126096,0.1293282213702279,769.40049723410584,0.045312285814235971,4.981382929860426,821.33151333333365,52.249538141210635,-0.36601778389829009,5.0320785814548978,0.36654090150250418,85.866973066271868,-0.01202780366575428,4.5209969046491087,0.18376547020084,0.19205432569664901,0.20458669858892126,0.12676566491061919,0.065273005394003145,0.069079474008347297,0.049620693544174574,0.044327195067561644,0.037863383064025459,0.026664089524850918
RH-AYE HO MERI ZINDGI.mp3,821.33151333333331,8668.0190434164615,0.0011363194942287341,3.3753061082227265,0.022583370972284952,6607.2011028957832,-0.011488645504771969,4.5031039257516685,821.33151333333501,4037.2985260746245,-0.014098050108075211,4.1838538670205301,-0.056194269904495407,6571.8387437462252,0.011798618355298772,4.2080839805119226,821.33151333333478,465.8116750948933,-0.021335229088512996,4.7710273645126096,0.1293282213702279,769.40049723410584,0.045312285814235971,4.981382929860426,821.33151333333365,52.249538141210635,-0.36601778389829009,5.0320785814548978,0.36654090150250418,85.866973066271868,-0.01202780366575428,4.5209969046491087,0.18376547020084,0.19205432569664901,0.20458669858892126,0.12676566491061919,0.065273005394003145,0.069079474008347297,0.049620693544174574,0.044327195067561644,0.037863383064025459,0.026664089524850918
RH-KINA SONA TENU RAB copy.mp3,851.52754166666671,5370.1628460236016,-0.37508345238788648,5.5319463854796229,-0.0080800134666891114,4104.1418342935476,-0.056852080852516237,7.3353960092997488,851.52754166667512,2616.5726418044119,-0.57962067133235606,6.2456832487324636,0.019678661311020775,3926.1799393123633,-0.084713308575279853,5.9767518592685578,851.52754166666648,254.58867135107675,-0.11851189848973243,10.242346854196876,0.12278879813302201,412.44610977571165,-0.16936210464046336,10.39967230860603,851.52754166666637,33.037623601962203,-1.0037049380022316,14.424533780267129,0.53444908180300499,52.192417885214262,-0.15467458158012148,9.8821743893290925,0.17558092225059357,0.17467492963547793,0.22343410838593858,0.13234619333770903,0.071284931787997954,0.072148700701386057,0.062250544742705013,0.045429689989960997,0.021534700470194623,0.021315278698027719
RH-KINA SONA TENU RAB.mp3,851.52754166666671,5370.1628460236016,-0.37508345238788648,5.5319463854796229,-0.0080800134666891114,4104.1418342935476,-0.056852080852516237,7.3353960092997488,851.52754166667512,2616.5726418044119,-0.57962067133235606,6.2456832487324636,0.019678661311020775,3926.1799393123633,-0.084713308575279853,5.9767518592685578,851.52754166666648,254.58867135107675,-0.11851189848973243,10.242346854196876,0.12278879813302201,412.44610977571165,-0.16936210464046336,10.39967230860603,851.52754166666637,33.037623601962203,-1.0037049380022316,14.424533780267129,0.53444908180300499,52.192417885214262,-0.15467458158012148,9.8821743893290925,0.17558092225059357,0.17467492963547793,0.22343410838593858,0.13234619333770903,0.071284931787997954,0.072148700701386057,0.062250544742705013,0.045429689989960997,0.021534700470194623,0.021315278698027719
RH-PARDESI-2 copy.mp3,826.74785499999996,6894.8701953589743,-0.046987067066596194,4.1781222138584901,0.010900018166696945,7224.7426816382176,-0.031037964149150193,5.594787222806997,826.74785500001451,2899.4622270128693,-0.033257865261701318,5.6621498056007296,-0.016355272587876748,3843.2719675938065,0.028783548667507031,5.4464095588700348,826.74785500000075,390.0752937188102,-0.19943612737068095,8.63725012625126,0.098159693282213856,647.5114146723879,0.031433039295232522,10.479168434555353,826.74785500000041,51.343532190211732,-0.54893294631591716,6.0710264489986363,0.43549916527545918,83.286274273256552,0.15951485837780272,5.4869331011809361,0.13358048406751558,0.15452338729832429,0.12686881855193483,0.13725342431423171,0.10507617000915297,0.096058985400214111,0.080862332128901968,0.061281795171539748,0.056226115193862149,0.048268487864316943
RH-PARDESI-2.mp3,826.74785499999996,6894.8701953589743,-0.046987067066596194,4.1781222138584901,0.010900018166696945,7224.7426816382176,-0.031037964149150193,5.594787222806997,826.74785500001451,2899.4622270128693,-0.033257865261701318,5.6621498056007296,-0.016355272587876748,3843.2719675938065,0.028783548667507031,5.4464095588700348,826.74785500000075,390.0752937188102,-0.19943612737068095,8.63725012625126,0.098159693282213856,647.5114146723879,0.031433039295232522,10.479168434555353,826.74785500000041,51.343532190211732,-0.54893294631591716,6.0710264489986363,0.43549916527545918,83.286274273256552,0.15951485837780272,5.4869331011809361,0.13358048406751558,0.15452338729832429,0.12686881855193483,0.13725342431423171,0.10507617000915297,0.096058985400214111,0.080862332128901968,0.061281795171539748,0.056226115193862149,0.048268487864316943
RH-POOCHHO ZARA POOCHHO copy.mp3,825.97195333333332,6592.2437567998222,0.13226206540377752,5.5983300764635935,0.032993388322313869,7199.2398903335152,0.018554773127580446,6.281936610763414,825.97195333333264,2064.6874045544314,-0.078973018104878265,8.0153630505795981,0.050040834013902198,3295.1435320199503,-0.001891925692658319,6.5437753393064133,825.97195333333389,229.24648881706145,-0.11725514598044851,14.313742206531749,0.12597099516586083,380.16855899095674,0.064352839457340508,14.817259088678822,825.97195333333309,35.298986272098851,-1.3547110322759837,16.325200816713465,0.38652420701168616,55.911639294754259,1.1903004643804196,15.524421449514975,0.09652716575140291,0.13088845986634659,0.15253382734481996,0.15350991596868868,0.11969180591879726,0.098479189785243573,0.081367977353806895,0.065134979792512981,0.051595817607472109,0.050270860610920516
RH-POOCHHO ZARA POOCHHO.mp3,825.97195333333332,6592.2437567998222,0.13226206540377752,5.5983300764635935,0.032993388322313869,7199.2398903335152,0.018554773127580446,6.281936610763414,825.97195333333264,2064.6874045544314,-0.078973018104878265,8.0153630505795981,0.050040834013902198,3295.1435320199503,-0.001891925692658319,6.5437753393064133,825.97195333333389,229.24648881706145,-0.11725514598044851,14.313742206531749,0.12597099516586083,380.16855899095674,0.064352839457340508,14.817259088678822,825.97195333333309,35.298986272098851,-1.3547110322759837,16.325200816713465,0.38652420701168616,55.911639294754259,1.1903004643804196,15.524421449514975,0.09652716575140291,0.13088845986634659,0.15253382734481996,0.15350991596868868,0.11969180591879726,0.098479189785243573,0.081367977353806895,0.065134979792512981,0.051595817607472109,0.050270860610920516
Rhythms Of Mohabbatein copy.mp3,45.746398333333332,1824.8159888550699,0.22581996772737686,9.3493964841067783,-0.00020500034166723611,1395.7731998190122,-0.052125051365040739,27.262539296723954,45.746398333332913,1415.9036700880129,0.13587687851091074,12.694532354140117,-0.0058484308071799981,1078.1277669623978,-0.18818724198213671,15.266079253237747,45.746398333333296,336.71755693153938,0.13680196625109733,14.955321586654627,0.029138189698282944,556.84594378687245,0.0068048441628452286,14.234426274087854,45.746398333333367,41.671800077266433,-0.20089302922193678,10.679505360705667,0.088519198664440621,70.902163581610608,0.014537116129258209,10.902041548726409,0.29881544411115707,0.14056886486092937,0.071088832871655683,0.06532136464129612,0.05366057581827556,0.038082532755424468,0.039112648810930753,0.054023096858485539,0.14958285686003844,0.089743782411830231
Rhythms Of Mohabbatein.mp3,45.746398333333332,1824.8159888550699,0.22581996772737686,9.3493964841067783,-0.00020500034166723611,1395.7731998190122,-0.052125051365040739,27.262539296723954,45.746398333332913,1415.9036700880129,0.13587687851091074,12.694532354140117,-0.0058484308071799981,1078.1277669623978,-0.18818724198213671,15.266079253237747,45.746398333333296,336.71755693153938,0.13680196625109733,14.955321586654627,0.029138189698282944,556.84594378687245,0.0068048441628452286,14.234426274087854,45.746398333333367,41.671800077266433,-0.20089302922193678,10.679505360705667,0.088519198664440621,70.902163581610608,0.014537116129258209,10.902041548726409,0.29881544411115707,0.14056886486092937,0.071088832871655683,0.06532136464129612,0.05366057581827556,0.038082532755424468,0.039112648810930753,0.054023096858485539,0.14958285686003844,0.089743782411830231
rock n roll soniye copy.mp3,5.0161150000000001,4808.7498669125544,-0.02757098066819319,5.4766515491553864,-0.0047250078750131251,2474.8247128631624,-0.083025907433105894,9.5584405162133521,5.0161150000000037,3961.5757303056153,-0.0016312182883200762,5.298087618865595,-0.052047534125569249,3410.9814583943748,0.032888164561456303,6.6245322606457906,5.0161150000000001,1412.2118817206765,0.11977761068960016,4.6910062745606336,-0.44683447241207103,2639.1838616923706,0.015799739033581933,4.7003497636547884,5.0161150000000019,124.37135082402131,0.58615880138310095,5.9766622876754889,-0.4926661101836397,201.94577103353572,-0.032315648219532922,4.5017222030853796,0.29474060501864013,0.16601199519614948,0.13551197044467392,0.11087035238858058,0.087411335380494087,0.056307538818698662,0.051365997402394364,0.037324150221763275,0.031267740676498235,0.02918831445208871
rock n roll soniye.mp3,5.0161150000000001,4808.7498669125544,-0.02757098066819319,5.4766515491553864,-0.0047250078750131251,2474.8247128631624,-0.083025907433105894,9.5584405162133521,5.0161150000000037,3961.5757303056153,-0.0016312182883200762,5.298087618865595,-0.052047534125569249,3410.9814583943748,0.032888164561456303,6.6245322606457906,5.0161150000000001,1412.2118817206765,0.11977761068960016,4.6910062745606336,-0.44683447241207103,2639.1838616923706,0.015799739033581933,4.7003497636547884,5.0161150000000019,124.37135082402131,0.58615880138310095,5.9766622876754889,-0.4926661101836397,201.94577103353572,-0.032315648219532922,4.5017222030853796,0.29474060501864013,0.16601199519614948,0.13551197044467392,0.11087035238858058,0.087411335380494087,0.056307538818698662,0.051365997402394364,0.037324150221763275,0.031267740676498235,0.02918831445208871
Soni Soni copy.mp3,41.241748333333334,2582.853773315976,-0.078613220071795845,4.5972998555344731,-0.0015633359388932315,1680.0341614807178,-0.055630972761203018,6.1847104036527822,41.241748333333064,1548.3589670824335,-0.069960831571190332,4.9198331440346079,-0.017270287838130477,2105.2002866321841,-0.05526402204613217,4.7510989986019503,41.241748333333319,234.2983526891727,0.063131075428485312,7.8077118622438748,0.014870811801966874,359.87239536503819,0.007376538248329738,8.7835717183271758,41.241748333333362,29.758340237514329,0.037004601059894691,4.0401192771971299,0.090358931552587674,50.500710237816662,-0.20524579281301786,4.0810086227122264,0.22370343205099902,0.23324335617622163,0.16729923168616156,0.10544732726398476,0.064051702991911985,0.055842923462803035,0.038033239959893848,0.045564870334960685,0.033767964482200603,0.033045951590888474
Soni Soni.mp3,41.241748333333334,2582.853773315976,-0.078613220071795845,4.5972998555344731,-0.0015633359388932315,1680.0341614807178,-0.055630972761203018,6.1847104036527822,41.241748333333064,1548.3589670824335,-0.069960831571190332,4.9198331440346079,-0.017270287838130477,2105.2002866321841,-0.05526402204613217,4.7510989986019503,41.241748333333319,234.2983526891727,0.063131075428485312,7.8077118622438748,0.014870811801966874,359.87239536503819,0.007376538248329738,8.7835717183271758,41.241748333333362,29.758340237514329,0.037004601059894691,4.0401192771971299,0.090358931552587674,50.500710237816662,-0.20524579281301786,4.0810086227122264,0.22370343205099902,0.23324335617622163,0.16729923168616156,0.10544732726398476,0.064051702991911985,0.055842923462803035,0.038033239959893848,0.045564870334960685,0.033767964482200603,0.033045951590888474
SUBAH SE LEKAR copy.mp3,-0.10174833333333333,2650.6666928948566,0.145250016933922,4.8079158562302702,-0.018095030158383596,2238.5530003211079,-0.034182591452399012,7.0092909912364183,-0.10174833333333255,1024.1319486350856,-0.078364270037187975,4.5910659992393112,-0.010798513308555288,1625.7392983324025,0.025348870539205787,4.0366105167268813,-0.10174833333333362,113.8738921027409,-0.049573215557877456,7.3503094567548501,-0.00029338223037206351,195.58531531067126,0.075912441269804329,7.5313560879446566,-0.10174833333333319,14.257174151224023,-0.14494090296887802,5.2988902251267298,0.0053906510851418898,23.959911003447704,-0.095238845665949284,5.9678920380991549,0.14117667059008254,0.15913269904540325,0.23398680563278881,0.12246279540367457,0.079531609713569096,0.098601939110067302,0.052978146259867798,0.044260462142948438,0.039739480757162132,0.028129391344439217
SUBAH SE LEKAR.mp3,-0.10174833333333333,2650.6666928948566,0.145250016933922,4.8079158562302702,-0.018095030158383596,2238.5530003211079,-0.034182591452399012,7.0092909912364183,-0.10174833333333255,1024.1319486350856,-0.078364270037187975,4.5910659992393112,-0.010798513308555288,1625.7392983324025,0.025348870539205787,4.0366105167268813,-0.10174833333333362,113.8738921027409,-0.049573215557877456,7.3503094567548501,-0.00029338223037206351,195.58531531067126,0.075912441269804329,7.5313560879446566,-0.10174833333333319,14.257174151224023,-0.14494090296887802,5.2988902251267298,0.0053906510851418898,23.959911003447704,-0.095238845665949284,5.9678920380991549,0.14117667059008254,0.15913269904540325,0.23398680563278881,0.12246279540367457,0.079531609713569096,0.098601939110067302,0.052978146259867798,0.044260462142948438,0.039739480757162132,0.028129391344439217
Tridev-Tirchi_Topiwale copy.mp3,0.73888666666666669,3413.490294012392,-0.0041558607749729052,4.9002012332313294,0.0027283378805631341,3389.1302178731444,0.00068145915345067787,6.8163594594796688,0.73888666666666136,2016.1378226204747,-0.0025891054489590739,6.5032288288206876,0.033625560426007367,2436.7208763731401,0.010045415735848481,6.6479276432515997,0.73888666666666591,374.12921261830627,0.021102094951272032,7.1831546124426087,0.0052358726454414892,623.87111648908501,-0.054403751597389867,6.8779095852559928,0.73888666666666802,36.958150829649952,-0.11308092279347444,6.2209130597144791,0.031782971619365559,62.897058603466682,-0.30050410730410487,6.3208080124197927,0.18216600128485841,0.12614123786124123,0.11627350787176788,0.10477093598799035,0.10139399032873996,0.087804086270049181,0.087177117328547188,0.071013554167466769,0.062977334671403457,0.060282234227966615
Tridev-Tirchi_Topiwale.mp3,0.73888666666666669,3413.490294012392,-0.0041558607749729052,4.9002012332313294,0.0027283378805631341,3389.1302178731444,0.00068145915345067787,6.8163594594796688,0.73888666666666136,2016.1378226204747,-0.0025891054489590739,6.5032288288206876,0.033625560426007367,2436.7208763731401,0.010045415735848481,6.6479276432515997,0.73888666666666591,374.12921261830627,0.021102094951272032,7.1831546124426087,0.0052358726454414892,623.87111648908501,-0.054403751597389867,6.8779095852559928,0.73888666666666802,36.958150829649952,-0.11308092279347444,6.2209130597144791,0.031782971619365559,62.897058603466682,-0.30050410730410487,6.3208080124197927,0.18216600128485841,0.12614123786124123,0.11627350787176788,0.10477093598799035,0.10139399032873996,0.087804086270049181,0.087177117328547188,0.071013554167466769,0.062977334671403457,0.060282234227966615
Zinda Rehti Hain Mohabbatein copy.mp3,44.124630000000003,2446.4292111205482,-0.40488307167375004,5.2779045321152456,0.00098833498055830101,1588.426680747197,-0.09075445549032389,8.3838003215246157,44.124629999999975,1616.6278659493707,-0.17929858099028612,5.4305528184351974,0.0051184186403100225,2263.68546404788,-0.068245075057506197,4.4892861582410761,44.124630000000025,287.32894993832929,-0.00093907956439307101,11.84442908829333,0.024335722620436265,480.99065164406568,0.28599232224078519,11.822609319921323,44.124630000000003,29.173724174727859,0.23445113316812821,5.4966268439191959,0.10768781302170269,46.83230105729988,-0.54483813878111009,6.0744879559448268,0.27285046074321717,0.19042286091220562,0.13186455967170568,0.1025399443599081,0.075367875962684169,0.067001175244686378,0.054092755392380822,0.055100205085540997,0.025512861893706516,0.025247300733980443
Zinda Rehti Hain Mohabbatein.mp3,44.124630000000003,2446.4292111205482,-0.40488307167375004,5.2779045321152456,0.00098833498055830101,1588.426680747197,-0.09075445549032389,8.3838003215246157,44.124629999999975,1616.6278659493707,-0.17929858099028612,5.4305528184351974,0.0051184186403100225,2263.68546404788,-0.068245075057506197,4.4892861582410761,44.124630000000025,287.32894993832929,-0.00093907956439307101,11.84442908829333,0.024335722620436265,480.99065164406568,0.28599232224078519,11.822609319921323,44.124630000000003,29.173724174727859,0.23445113316812821,5.4966268439191959,0.10768781302170269,46.83230105729988,-0.54483813878111009,6.0744879559448268,0.27285046074321717,0.19042286091220562,0.13186455967170568,0.1025399443599081,0.075367875962684169,0.067001175244686378,0.054092755392380822,0.055100205085540997,0.025512861893706516,0.025247300733980443
